customer_id,age,annual_income,segment,country,active,signup_date
1,32,58048,consumer,Norway,True,2022-07-26
2,31,116482,business,Sweden,False,2021-05-11
3,21,52495,consumer,Sweden,True,2025-09-15
4,46,58463,consumer,Sweden,True,2025-09-28
5,61,50221,consumer,Denmark,True,2022-01-15
6,66,67082,consumer,Denmark,True,2026-02-25
7,33,179230,enterprise,Sweden,False,2025-01-21
8,42,51006,business,Norway,False,2021-11-23
9,47,94823,business,Denmark,False,2025-02-03
10,-4,49460,consumer,Denmark,True,2022-12-02
11,49,71735,consumer,Denmark,True,2024-08-21
12,25,26207,consumer,Denmark,False,2024-01-02
13,26,63245,consumer,Norway,False,2025-06-09
14,76,40301,consumer,Norway,False,2025-10-21
15,69,40131,consumer,Finland,True,2021-07-12
16,32,42969,consumer,Finland,True,2025-04-26
17,66,83348,consumer,Denmark,True,2022-04-15
18,52,89587,business,Sweden,False,2025-11-16
19,38,56522,consumer,Norway,True,2024-05-07
20,82,65032,business,Denmark,True,2021-01-03
21,59,36662,consumer,Denmark,False,2023-09-08
22,25,32322,consumer,Sweden,False,2021-10-11
23,34,84296,consumer,Norway,False,2025-09-30
24,45,132730,enterprise,Denmark,False,2025-03-10
25,74,104177,business,Sweden,True,2023-07-10
26,26,52161,consumer,Norway,True,2021-10-18
27,25,26117,consumer,Denmark,True,2023-09-02
28,53,73080,business,Norway,False,2023-09-23
29,78,69957,business,Sweden,True,2025-11-01
30,63,83213,consumer,Sweden,True,2021-09-06
31,69,149935,business,Sweden,True,2023-02-24
32,42,40373,consumer,Finland,True,2024-02-15
33,77,31880,consumer,Finland,True,2021-07-27
34,19,141965,enterprise,Norway,False,2026-06-13
35,79,74565,consumer,Sweden,True,2025-04-02
36,18,149521,enterprise,Finland,False,2025-09-29
37,80,60890,consumer,Norway,True,2021-09-07
38,58,84493,consumer,Norway,True,2021-11-25
39,41,30907,consumer,Norway,False,2022-05-07
40,49,27209,consumer,Sweden,False,2024-07-19
41,51,63180,consumer,Norway,False,2025-06-10
42,34,84321,business,Finland,False,2021-10-25
43,19,35104,consumer,Sweden,True,2023-12-23
44,34,98033,enterprise,Norway,False,2024-03-13
45,38,61651,consumer,Sweden,False,2022-03-01
46,35,36029,consumer,Norway,False,2024-02-29
47,44,71685,business,Denmark,False,2023-10-26
48,24,77518,consumer,Denmark,True,2021-01-15
49,60,128507,business,Denmark,True,2025-12-15
50,72,36663,consumer,Sweden,True,2021-05-28
51,65,41410,consumer,Finland,True,2021-06-21
52,57,27229,consumer,Denmark,True,2023-10-20
53,31,75264,consumer,Norway,True,2022-10-28
54,40,48248,business,Norway,False,2025-08-14
55,49,36168,consumer,Finland,True,2026-04-12
56,46,82332,consumer,Denmark,False,2023-07-22
57,46,47313,consumer,Finland,False,2024-02-16
58,26,153170,enterprise,Denmark,False,2024-09-18
59,21,56237,consumer,Norway,False,2021-06-06
60,31,67309,consumer,Denmark,False,2022-04-19
61,67,69914,business,Denmark,True,2025-11-22
62,18,47825,consumer,Denmark,False,2021-10-14
63,60,131951,business,Sweden,False,2024-06-20
64,70,60752,consumer,Norway,True,2025-09-19
65,66,67810,business,Denmark,False,2021-01-02
66,56,78346,consumer,Denmark,False,2025-12-15
67,74,112000,business,Finland,True,2021-12-14
68,54,65933,consumer,Sweden,True,2024-06-25
69,46,64313,business,Sweden,True,2023-09-30
70,78,145727,business,Sweden,False,2025-08-25
71,42,95328,business,Finland,False,2023-09-27
72,36,45726,business,Sweden,False,2023-06-16
73,40,136214,business,Finland,True,2023-10-18
74,33,82901,consumer,Denmark,False,2026-08-30
75,72,116810,business,Finland,True,2026-04-29
76,75,54406,consumer,Denmark,False,2023-09-07
77,53,59450,consumer,Norway,False,2024-10-07
78,58,55561,business,Norway,True,2023-08-06
79,67,137591,business,Norway,True,2025-08-27
80,70,83069,consumer,Finland,True,2023-04-28
81,71,24560,consumer,Finland,False,2021-01-25
82,63,73116,consumer,Finland,True,2026-06-23
83,46,85654,consumer,Sweden,False,2024-10-08
84,69,155166,business,Finland,True,2021-04-21
85,68,25552,consumer,Sweden,False,2022-07-10
86,77,56099,consumer,Finland,False,2023-05-17
87,76,71692,consumer,Denmark,False,2023-10-31
88,28,28826,consumer,Denmark,True,2021-10-09
89,23,77411,business,Norway,True,2022-09-17
90,48,36993,consumer,Norway,False,2023-11-16
91,65,37012,consumer,Norway,False,2022-03-19
92,21,230941,enterprise,Finland,False,2023-03-24
93,27,53830,consumer,Sweden,False,2022-05-11
94,23,78148,consumer,Denmark,True,2024-10-29
95,19,152784,business,Finland,True,2025-11-11
96,64,153620,business,Finland,True,2025-11-19
97,40,130256,business,Denmark,False,2026-03-20
98,73,122656,business,Denmark,False,2023-10-03
99,29,81087,consumer,Norway,False,2025-04-02
100,145,64600,consumer,Norway,False,2023-05-19
101,63,89608,business,Denmark,False,2021-02-11
102,84,102442,enterprise,Norway,False,2026-06-25
103,48,129659,business,Finland,False,2021-03-12
104,29,75005,consumer,Norway,False,2025-02-20
105,78,67056,consumer,Finland,False,2024-12-12
106,76,54951,consumer,Norway,True,2023-02-28
107,58,46267,consumer,Norway,True,2026-06-07
108,53,144641,business,Denmark,True,2023-03-07
109,55,45519,consumer,Denmark,True,2022-06-03
110,53,29146,consumer,Denmark,True,2026-07-04
111,31,120243,business,Denmark,False,2026-05-15
112,74,28734,consumer,Denmark,False,2022-04-13
113,26,31710,consumer,Sweden,True,2022-09-04
114,56,54530,consumer,Sweden,False,2023-07-14
115,84,80028,consumer,Denmark,False,2024-06-04
116,25,142004,business,Sweden,True,2023-05-15
117,51,65585,business,Norway,True,2021-11-04
118,38,81048,consumer,Finland,False,2021-05-14
119,47,59056,consumer,Finland,True,2023-08-15
120,51,126927,business,Norway,False,2022-04-16
121,46,79816,business,Norway,True,2021-09-02
122,39,122993,business,Denmark,False,2022-05-25
123,77,136715,business,Finland,False,2026-08-12
124,81,27224,consumer,Finland,False,2023-10-23
125,21,24719,consumer,Denmark,True,2022-12-19
126,78,79963,consumer,Denmark,True,2025-11-21
127,80,203210,enterprise,Denmark,False,2024-09-27
128,59,157424,business,Norway,False,2025-08-14
129,81,74488,consumer,Sweden,False,2021-12-27
130,58,37194,consumer,Finland,True,2026-03-08
131,70,89952,consumer,Denmark,False,2025-12-16
132,24,39172,consumer,Denmark,False,2026-06-09
133,33,53365,consumer,Norway,False,2021-02-26
134,70,36871,consumer,Finland,True,2022-09-23
135,81,156509,enterprise,Denmark,False,2026-05-31
136,78,40958,consumer,Finland,True,2022-07-14
137,26,76387,consumer,Denmark,False,2021-01-11
138,54,154769,business,Finland,True,2026-01-04
139,79,71441,consumer,Finland,False,2023-02-12
140,48,52613,consumer,Finland,True,2024-07-27
141,78,151352,business,Finland,False,2022-09-16
142,81,113094,enterprise,Denmark,True,2025-12-09
143,30,81890,consumer,Sweden,True,2025-08-07
144,37,56737,consumer,Denmark,False,2021-11-25
145,60,157635,business,Finland,False,2026-06-22
146,22,75771,business,Denmark,True,2022-01-06
147,73,246133,enterprise,Sweden,False,2022-11-13
148,56,92056,enterprise,Denmark,True,2024-04-16
149,63,41080,consumer,Norway,False,2023-01-08
150,39,72140,consumer,Norway,False,2022-08-10
151,47,55289,consumer,Finland,False,2021-02-08
152,77,223287,enterprise,Norway,True,2025-12-15
153,62,158421,enterprise,Finland,False,2026-02-15
154,56,72422,consumer,Finland,True,2023-08-30
155,66,60780,consumer,Denmark,True,2025-06-10
156,53,28428,consumer,Finland,False,2023-08-01
157,63,46920,consumer,Denmark,True,2022-02-02
158,23,79779,consumer,Sweden,False,2022-06-23
159,29,165647,enterprise,Finland,True,2023-04-03
160,34,159879,business,Denmark,False,2022-11-05
161,50,206313,enterprise,Denmark,False,2022-04-17
162,77,116898,enterprise,Norway,False,2025-02-07
163,29,46824,business,Denmark,True,2026-02-06
164,65,133125,business,Denmark,False,2025-03-02
165,31,106797,business,Sweden,False,2023-06-26
166,26,105852,business,Denmark,False,2022-04-23
167,35,26877,consumer,Denmark,False,2022-04-21
168,30,39781,consumer,Finland,False,2025-02-28
169,71,42253,consumer,Finland,True,2026-06-28
170,70,153332,enterprise,Sweden,False,2023-06-09
171,74,52947,consumer,Denmark,True,2025-02-13
172,63,58160,consumer,Norway,True,2026-02-06
173,29,129109,business,Sweden,True,2024-09-28
174,49,228000,enterprise,Norway,True,2023-04-29
175,45,75539,business,Denmark,True,2021-01-12
176,53,63964,business,Norway,False,2022-12-16
177,32,48379,business,Norway,True,2025-01-07
178,48,24068,consumer,Norway,False,2021-08-03
179,34,113955,business,Sweden,True,2026-05-05
180,75,112271,business,Sweden,False,2026-08-26
181,46,91367,enterprise,Denmark,False,2021-05-08
182,25,185281,enterprise,Finland,True,2026-07-02
183,74,32589,consumer,Denmark,True,2021-09-27
184,34,64622,consumer,Finland,False,2026-02-02
185,82,57999,business,Sweden,True,2025-10-28
186,75,99239,business,Denmark,False,2025-06-22
187,71,85966,business,Finland,False,2023-11-11
188,65,204326,enterprise,Sweden,True,2021-12-16
189,29,70843,consumer,Norway,True,2024-09-12
190,33,77435,consumer,Sweden,False,2024-07-03
191,63,88507,consumer,Norway,True,2026-05-30
192,46,90890,business,Denmark,True,2024-02-16
193,46,155776,business,Sweden,False,2021-04-29
194,41,62499,consumer,Denmark,False,2021-01-26
195,41,119228,business,Finland,True,2022-08-05
196,21,50197,consumer,Finland,False,2026-02-02
197,61,62846,consumer,Denmark,True,2021-08-04
198,37,28522,consumer,Sweden,False,2025-12-20
199,72,79939,consumer,Finland,False,2023-06-02
200,83,78349,consumer,Sweden,False,2026-06-17
201,85,50952,business,Norway,False,2021-08-13
202,18,49686,consumer,Norway,False,2024-03-31
203,59,87193,consumer,Finland,True,2022-06-14
204,66,52161,consumer,Denmark,True,2025-06-15
205,23,82260,consumer,Sweden,False,2025-10-25
206,69,99747,business,Denmark,True,2025-07-18
207,20,125055,enterprise,Finland,False,2021-12-27
208,73,76891,business,Finland,False,2021-11-19
209,68,142754,business,Denmark,True,2024-09-26
210,39,36945,consumer,Norway,False,2024-12-09
211,36,41194,consumer,Denmark,True,2022-12-12
212,37,130918,business,Sweden,True,2026-07-17
213,77,144598,business,Finland,False,2024-07-18
214,37,83462,consumer,Finland,False,2024-01-31
215,25,31724,consumer,Denmark,False,2026-01-26
216,22,59627,consumer,Sweden,True,2025-04-24
217,77,27376,consumer,Finland,True,2024-08-09
218,78,30109,consumer,Finland,True,2024-11-07
219,28,44617,consumer,Sweden,True,2025-11-29
220,74,42807,consumer,Denmark,False,2024-03-04
221,67,66350,consumer,Sweden,False,2021-09-27
222,60,72667,consumer,Denmark,False,2022-09-08
223,60,40537,consumer,Denmark,False,2025-05-25
224,34,33104,consumer,Denmark,False,2024-09-07
225,34,153653,business,Sweden,False,2025-01-22
226,20,45627,consumer,Norway,False,2026-06-15
227,42,40030,consumer,Norway,True,2024-04-26
228,30,26947,consumer,Denmark,True,2025-03-24
229,37,43697,consumer,Finland,True,2025-08-10
230,64,76133,business,Finland,False,2026-01-13
231,47,62562,consumer,Finland,True,2025-02-15
232,74,58932,consumer,Finland,False,2022-10-26
233,43,63140,business,Denmark,True,2026-05-23
234,65,35446,consumer,Sweden,False,2021-12-10
235,38,89286,consumer,Norway,False,2022-01-11
236,46,90820,business,Sweden,False,2021-08-07
237,68,52903,consumer,Finland,True,2025-03-16
238,46,34987,consumer,Denmark,True,2022-07-18
239,22,83925,consumer,Norway,False,2026-01-12
240,18,84981,enterprise,Denmark,True,2022-09-05
241,85,59762,consumer,Norway,False,2022-05-15
242,24,81914,consumer,Sweden,True,2026-08-10
243,20,120372,business,Norway,True,2024-04-08
244,72,68244,consumer,Norway,False,2023-02-07
245,28,69265,consumer,Sweden,True,2025-05-19
246,78,72709,consumer,Denmark,False,2021-03-08
247,63,90193,business,Norway,True,2024-09-23
248,35,66374,consumer,Norway,False,2026-05-15
249,41,53270,business,Finland,True,2024-04-16
250,,48144,consumer,Sweden,False,2024-06-24
251,83,84049,consumer,Denmark,True,2023-02-22
252,54,28265,consumer,Denmark,False,2022-05-25
253,65,74431,consumer,Finland,False,2024-10-20
254,41,87211,consumer,Denmark,False,2021-12-05
255,72,45652,consumer,Denmark,False,2022-02-25
256,28,60750,consumer,Denmark,False,2025-10-12
257,39,91077,business,Finland,True,2024-12-15
258,73,29518,consumer,Sweden,False,2025-01-28
259,83,134051,business,Norway,True,2022-08-08
260,74,30812,consumer,Norway,False,2025-01-23
261,67,88489,enterprise,Norway,False,2025-02-28
262,65,32077,consumer,Norway,False,2025-06-19
263,58,77717,business,Sweden,True,2023-02-02
264,81,37435,consumer,Denmark,False,2026-01-02
265,45,154862,enterprise,Finland,True,2022-05-18
266,35,104250,business,Norway,False,2021-12-26
267,58,138000,business,Sweden,False,2024-05-13
268,38,136779,business,Norway,False,2023-07-08
269,33,116405,enterprise,Norway,False,2021-04-18
270,64,70353,consumer,Finland,True,2021-12-20
271,26,84739,consumer,Finland,False,2021-10-30
272,34,248385,enterprise,Sweden,False,2026-03-24
273,84,45850,consumer,Norway,False,2026-08-22
274,25,112908,business,Norway,False,2022-11-06
275,38,51552,consumer,Denmark,False,2021-11-20
276,50,57972,consumer,Norway,False,2022-01-18
277,82,122569,business,Norway,True,2024-10-14
278,23,48718,business,Sweden,True,2023-12-21
279,44,99602,business,Sweden,False,2024-04-01
280,56,75227,consumer,Denmark,False,2021-10-26
281,25,76476,consumer,Finland,False,2023-04-16
282,61,85970,business,Denmark,False,2025-06-22
283,34,112499,business,Sweden,False,2023-09-18
284,77,80929,consumer,Norway,True,2022-02-01
285,24,72351,consumer,Finland,True,2022-10-17
286,59,161976,enterprise,Norway,True,2026-08-03
287,83,62441,consumer,Finland,True,2022-01-04
288,68,53552,consumer,Norway,False,2021-07-19
289,24,83680,consumer,Denmark,True,2022-03-17
290,73,56664,consumer,Denmark,False,2025-02-07
291,23,47513,consumer,Denmark,False,2021-10-29
292,67,58663,consumer,Sweden,True,2022-02-01
293,68,66444,consumer,Denmark,True,2023-03-27
294,83,27276,consumer,Sweden,True,2022-07-16
295,60,113069,business,Finland,True,2022-07-27
296,59,163500,enterprise,Norway,False,2024-05-10
297,61,88809,consumer,Finland,False,2026-04-30
298,20,36366,consumer,Finland,False,2021-04-20
299,78,51824,consumer,Sweden,False,2022-11-30
300,85,126230,business,Finland,True,2023-09-20
301,22,36404,consumer,Norway,True,2025-12-12
302,58,76127,consumer,Norway,False,2026-08-18
303,78,141447,business,Sweden,True,2023-04-30
304,59,205402,enterprise,Finland,False,2022-12-11
305,76,169738,enterprise,Denmark,False,2026-06-07
306,42,153139,enterprise,Denmark,True,2024-05-04
307,54,135471,business,Finland,False,2026-05-20
308,62,57842,consumer,Denmark,True,2025-04-05
309,68,146327,business,Norway,False,2021-06-22
310,54,100717,enterprise,Denmark,False,2023-11-17
311,79,57537,consumer,Denmark,True,2022-03-24
312,48,51579,consumer,Norway,True,2022-02-15
313,70,83918,consumer,Sweden,True,2021-01-22
314,38,84350,consumer,Finland,True,2024-03-22
315,59,29754,consumer,Sweden,True,2021-06-02
316,40,45040,consumer,Sweden,False,2026-07-23
317,41,155882,enterprise,Sweden,True,2024-05-07
318,31,167829,enterprise,Denmark,False,2026-07-17
319,35,106344,business,Denmark,True,2022-04-07
320,60,82150,consumer,Denmark,True,2021-02-27
321,61,119420,business,Norway,True,2025-07-19
322,72,33368,consumer,Finland,True,2023-01-27
323,35,54512,consumer,Sweden,False,2025-04-21
324,48,56995,consumer,Denmark,False,2021-02-16
325,51,135802,business,Norway,True,2022-04-30
326,77,75138,consumer,Denmark,True,2024-04-23
327,65,73721,business,Norway,False,2022-09-20
328,76,124395,business,Denmark,False,2026-04-13
329,45,134173,business,Sweden,False,2025-01-21
330,27,109414,enterprise,Sweden,True,2022-09-06
331,39,79912,consumer,Sweden,True,2026-06-26
332,29,103390,business,Sweden,False,2022-06-25
333,83,29567,consumer,Finland,False,2021-03-31
334,68,22395,consumer,Norway,True,2021-07-05
335,72,30357,consumer,Sweden,True,2026-04-18
336,22,45590,consumer,Norway,False,2025-03-14
337,66,71479,consumer,Finland,True,2022-06-29
338,62,73518,consumer,Norway,True,2021-01-15
339,20,201373,enterprise,Finland,False,2023-07-30
340,49,42332,consumer,Denmark,True,2022-04-08
341,22,99950,business,Sweden,True,2023-04-25
342,26,26400,consumer,Finland,True,2023-09-30
343,23,52715,consumer,Norway,True,2022-07-28
344,82,141384,enterprise,Denmark,False,2023-08-29
345,56,131535,business,Norway,False,2024-05-15
346,53,44955,consumer,Finland,False,2021-07-12
347,62,179917,enterprise,Denmark,False,2025-07-31
348,37,46101,consumer,Finland,True,2023-07-13
349,56,63920,business,Finland,True,2025-08-18
350,71,-12000,consumer,Finland,True,2023-11-11
351,44,32363,consumer,Finland,False,2022-01-14
352,42,71436,consumer,Sweden,True,2023-02-10
353,45,65642,consumer,Denmark,True,2023-05-18
354,42,110753,enterprise,Finland,True,2023-04-18
355,68,224724,enterprise,Denmark,False,2025-04-09
356,77,69088,consumer,Denmark,False,2025-01-13
357,83,106080,business,Sweden,False,2024-08-04
358,44,76254,consumer,Sweden,True,2022-08-21
359,20,76732,consumer,Denmark,True,2023-03-15
360,60,54208,consumer,Finland,False,2023-11-21
361,80,248216,enterprise,Finland,False,2022-11-21
362,63,86004,consumer,Norway,True,2021-05-19
363,27,92717,enterprise,Sweden,False,2022-07-18
364,47,41795,consumer,Sweden,True,2026-02-11
365,65,85334,consumer,Finland,True,2021-01-28
366,70,58010,consumer,Denmark,True,2026-08-20
367,73,68496,business,Sweden,True,2022-09-02
368,48,55084,consumer,Denmark,False,2025-06-14
369,28,75218,consumer,Finland,True,2023-07-15
370,56,156131,business,Sweden,True,2022-01-18
371,69,84390,consumer,Sweden,True,2022-12-03
372,28,78873,consumer,Denmark,True,2021-06-24
373,47,84324,consumer,Denmark,True,2021-11-01
374,53,118860,business,Sweden,True,2024-07-12
375,20,233887,enterprise,Norway,False,2021-11-12
376,56,53519,consumer,Finland,False,2025-04-22
377,35,135349,business,Sweden,False,2021-08-08
378,30,31963,consumer,Denmark,False,2024-08-29
379,21,147701,business,Finland,False,2023-07-24
380,63,71207,consumer,Finland,True,2025-04-06
381,28,83715,business,Norway,True,2021-12-03
382,52,42221,consumer,Finland,False,2025-01-17
383,31,62405,consumer,Finland,False,2024-01-10
384,31,46561,consumer,Finland,False,2025-07-30
385,31,68388,consumer,Sweden,False,2025-04-27
386,19,72829,consumer,Sweden,True,2022-11-26
387,66,57247,consumer,Denmark,False,2026-07-13
388,36,78973,consumer,Denmark,False,2024-05-12
389,79,92333,business,Denmark,True,2026-07-24
390,43,39758,consumer,Denmark,True,2025-06-09
391,60,94792,business,Denmark,False,2024-10-03
392,73,157657,business,Norway,False,2024-08-06
393,43,45283,consumer,Finland,False,2024-04-08
394,80,143550,enterprise,Denmark,False,2024-02-23
395,68,48188,consumer,Norway,True,2026-03-06
396,44,60185,consumer,Sweden,False,2026-08-08
397,35,76722,business,Denmark,True,2025-09-30
398,66,84814,consumer,Finland,False,2021-05-31
399,64,151469,business,Sweden,True,2023-10-14
400,63,27806,consumer,Finland,False,2025-10-30
401,31,55913,consumer,Norway,True,2025-12-31
402,65,87597,consumer,Norway,False,2021-04-11
403,79,76522,consumer,Sweden,True,2022-08-04
404,62,81681,consumer,Norway,False,2024-11-27
405,78,81303,consumer,Denmark,True,2024-05-14
406,23,60084,business,Sweden,False,2022-03-24
407,39,143940,enterprise,Norway,True,2024-09-17
408,72,140779,enterprise,Finland,True,2023-02-03
409,73,47863,consumer,Finland,False,2025-05-12
410,18,71972,business,Denmark,True,2022-02-21
411,41,47830,consumer,Finland,True,2023-12-11
412,80,63078,consumer,Finland,False,2022-04-13
413,62,82012,consumer,Norway,False,2021-12-14
414,35,53270,consumer,Denmark,True,2023-01-20
415,65,111954,business,Finland,False,2022-07-19
416,67,85788,consumer,Norway,True,2026-06-29
417,54,63232,consumer,Finland,True,2025-01-10
418,19,47575,consumer,Finland,False,2025-08-03
419,80,80176,consumer,Finland,True,2021-12-05
420,21,73905,business,Denmark,True,2024-01-31
421,46,44047,consumer,Finland,False,2022-04-09
422,32,70085,consumer,Sweden,False,2023-06-15
423,72,54444,consumer,Denmark,True,2026-01-17
424,51,33401,consumer,Finland,True,2023-08-29
425,44,122060,business,Denmark,False,2022-11-11
426,35,151630,business,Norway,True,2024-12-07
427,53,44069,consumer,Denmark,False,2024-03-31
428,52,214850,enterprise,Sweden,True,2025-08-13
429,25,113262,enterprise,Norway,True,2022-08-23
430,59,144807,business,Finland,False,2022-08-06
431,52,94174,business,Finland,True,2022-01-17
432,69,58467,consumer,Denmark,False,2026-06-23
433,59,34208,consumer,Finland,False,2021-09-17
434,68,78314,consumer,Norway,False,2024-01-05
435,59,89270,business,Norway,False,2024-11-08
436,24,82238,consumer,Sweden,True,2022-10-10
437,74,78072,consumer,Norway,True,2024-05-21
438,38,159897,business,Denmark,True,2025-01-16
439,50,43695,consumer,Sweden,False,2024-06-05
440,47,33953,consumer,Sweden,True,2023-05-25
441,79,51647,consumer,Finland,True,2021-02-03
442,61,157766,business,Finland,True,2026-05-11
443,27,33708,consumer,Sweden,True,2024-07-07
444,65,62973,business,Finland,True,2022-08-09
445,26,23110,consumer,Norway,False,2024-12-09
446,45,64840,business,Finland,False,2023-06-09
447,29,63351,business,Sweden,False,2024-12-10
448,72,40327,consumer,Norway,False,2021-12-12
449,49,59345,consumer,Sweden,False,2023-04-22
450,84,999999,business,Finland,False,2021-08-12
451,48,36777,consumer,Norway,False,2021-10-18
452,85,46581,business,Denmark,False,2022-06-25
453,67,119498,business,Finland,False,2022-12-09
454,78,99134,enterprise,Sweden,True,2021-02-26
455,51,29925,consumer,Finland,False,2026-08-15
456,71,74727,consumer,Sweden,True,2024-02-11
457,28,89017,consumer,Norway,True,2024-08-31
458,68,30665,consumer,Denmark,False,2023-09-05
459,25,78948,consumer,Sweden,False,2021-08-14
460,57,131252,business,Norway,True,2021-02-21
461,35,66473,business,Finland,False,2023-11-28
462,39,57227,consumer,Sweden,True,2024-10-04
463,72,30371,consumer,Denmark,True,2026-07-26
464,76,29266,consumer,Finland,True,2025-02-15
465,38,35487,consumer,Sweden,True,2021-01-11
466,23,46610,business,Norway,True,2026-04-17
467,64,41671,consumer,Norway,True,2025-09-14
468,46,76559,consumer,Denmark,False,2021-11-16
469,65,28903,consumer,Norway,True,2021-07-08
470,69,82960,consumer,Denmark,False,2024-09-02
471,29,23044,consumer,Denmark,True,2024-04-09
472,56,76795,business,Finland,False,2026-07-14
473,43,116638,business,Norway,True,2021-01-27
474,70,67406,consumer,Sweden,False,2021-01-06
475,66,140317,business,Denmark,True,2023-04-21
476,85,190052,enterprise,Finland,True,2022-08-07
477,53,52339,consumer,Finland,False,2026-02-21
478,28,88247,consumer,Norway,False,2021-11-03
479,25,39132,consumer,Norway,False,2023-12-06
480,58,183010,enterprise,Denmark,False,2026-01-29
481,52,48569,consumer,Norway,True,2022-09-29
482,31,83086,consumer,Denmark,False,2022-05-10
483,63,134430,enterprise,Finland,False,2026-03-13
484,51,56851,business,Norway,False,2021-06-15
485,45,87964,business,Norway,True,2023-10-14
486,63,28416,consumer,Denmark,False,2022-12-14
487,21,198541,enterprise,Norway,True,2026-03-08
488,31,63322,business,Sweden,True,2021-09-10
489,46,74505,consumer,Denmark,True,2023-11-27
490,27,30450,consumer,Norway,False,2022-06-12
491,29,166913,enterprise,Sweden,True,2026-03-04
492,24,78774,consumer,Finland,False,2021-05-01
493,66,67650,business,Denmark,True,2023-02-06
494,53,41481,consumer,Sweden,True,2024-04-23
495,81,84787,consumer,Sweden,True,2024-02-20
496,67,48143,consumer,Norway,True,2025-04-16
497,63,85527,consumer,Denmark,False,2025-05-10
498,52,63795,consumer,Norway,True,2024-02-25
499,25,106824,business,Denmark,True,2022-10-16
500,30,53608,consumer,Denmark,True,2023-06-18
501,67,44768,consumer,Norway,True,2024-07-26
502,63,87394,enterprise,Denmark,True,2023-02-11
503,81,45010,consumer,Finland,True,2022-01-05
504,25,50679,consumer,Sweden,False,2021-01-03
505,60,132812,enterprise,Norway,False,2022-12-28
506,59,41360,consumer,Norway,True,2025-02-03
507,27,73851,consumer,Sweden,False,2024-05-21
508,59,42644,consumer,Finland,False,2024-07-23
509,40,118659,business,Denmark,True,2022-12-20
510,66,60602,consumer,Norway,True,2021-01-08
511,68,146034,business,Sweden,True,2024-07-27
512,46,58645,business,Finland,True,2024-09-18
513,27,63879,consumer,Norway,True,2024-10-07
514,75,49483,consumer,Norway,True,2024-12-06
515,50,139426,business,Sweden,True,2025-04-30
516,74,66802,business,Finland,False,2025-04-01
517,62,35294,consumer,Finland,True,2022-10-29
518,75,26379,consumer,Denmark,True,2024-07-29
519,51,99451,enterprise,Denmark,True,2025-03-18
520,38,116702,business,Sweden,False,2026-06-01
521,21,43626,consumer,Finland,True,2021-08-08
522,30,46901,consumer,Finland,False,2024-02-28
523,56,28505,consumer,Finland,False,2022-09-22
524,24,78047,consumer,Sweden,False,2026-05-22
525,43,49125,consumer,Norway,False,2021-12-02
526,78,85416,business,Finland,False,2026-06-27
527,51,72793,consumer,Norway,False,2025-04-12
528,65,27848,consumer,Denmark,False,2026-03-20
529,51,57200,consumer,Sweden,True,2022-02-01
530,28,150929,business,Finland,True,2021-09-07
531,67,99870,business,Finland,True,2026-05-05
532,56,26551,consumer,Norway,True,2026-01-14
533,40,123821,enterprise,Norway,True,2022-06-01
534,23,79067,consumer,Norway,True,2023-11-23
535,58,97566,enterprise,Sweden,False,2025-06-16
536,59,113116,business,Finland,True,2025-09-15
537,32,41424,consumer,Sweden,True,2022-02-18
538,54,90071,business,Finland,False,2025-04-18
539,80,84003,consumer,Sweden,True,2024-02-03
540,69,74654,consumer,Sweden,False,2024-09-19
541,48,84287,consumer,Denmark,False,2021-03-24
542,61,84722,business,Denmark,False,2026-07-07
543,30,139757,enterprise,Norway,False,2025-12-20
544,59,76627,consumer,Sweden,True,2025-12-15
545,45,186737,enterprise,Finland,False,2021-08-19
546,83,53600,business,Denmark,False,2022-07-10
547,85,48794,business,Norway,True,2023-04-03
548,25,81827,consumer,Sweden,False,2023-03-27
549,53,82846,consumer,Finland,True,2021-05-06
550,48,80471,student,Norway,False,2024-12-03
551,62,55903,consumer,Sweden,False,2021-04-23
552,67,50091,consumer,Norway,True,2023-04-27
553,52,112276,business,Sweden,True,2026-04-26
554,34,123792,business,Sweden,True,2023-10-31
555,57,137978,business,Denmark,False,2025-03-23
556,62,50601,consumer,Finland,False,2025-06-15
557,31,71051,consumer,Denmark,False,2022-03-19
558,79,58239,consumer,Denmark,False,2023-12-06
559,56,89802,consumer,Norway,True,2025-07-14
560,58,139540,business,Sweden,False,2024-04-25
561,51,186063,enterprise,Finland,True,2023-02-17
562,61,74145,business,Finland,False,2024-05-14
563,39,159883,business,Norway,False,2022-02-04
564,78,55902,consumer,Norway,False,2022-01-01
565,46,62250,consumer,Finland,False,2025-03-03
566,51,82786,consumer,Sweden,False,2021-08-08
567,27,47499,consumer,Sweden,False,2024-05-07
568,70,41762,consumer,Norway,True,2024-11-04
569,70,199949,enterprise,Norway,False,2023-01-09
570,28,45176,consumer,Denmark,True,2021-01-20
571,75,44099,consumer,Norway,False,2021-12-27
572,34,128032,business,Finland,False,2025-10-24
573,79,26944,consumer,Norway,False,2021-02-27
574,59,114603,business,Norway,True,2021-01-17
575,49,67134,consumer,Denmark,True,2022-02-25
576,67,62123,consumer,Norway,True,2021-07-07
577,56,199518,enterprise,Denmark,False,2022-07-03
578,61,208497,enterprise,Denmark,True,2022-11-07
579,69,51402,consumer,Norway,True,2021-03-31
580,82,70049,consumer,Sweden,False,2023-11-14
581,24,28286,consumer,Sweden,True,2021-07-17
582,32,71840,consumer,Sweden,False,2026-04-28
583,37,23219,consumer,Denmark,False,2022-02-18
584,84,39978,consumer,Finland,True,2022-04-28
585,54,35928,consumer,Finland,True,2023-03-30
586,51,71433,business,Denmark,False,2024-04-24
587,38,87058,consumer,Norway,False,2024-09-16
588,48,33665,consumer,Sweden,False,2022-09-03
589,29,54836,business,Sweden,False,2023-08-05
590,76,157600,enterprise,Denmark,False,2021-07-25
591,30,159575,business,Sweden,False,2025-01-15
592,58,37191,consumer,Sweden,True,2021-02-09
593,35,67349,business,Denmark,False,2025-11-28
594,52,57183,business,Denmark,False,2023-01-20
595,32,81839,consumer,Denmark,False,2026-05-13
596,71,149452,business,Norway,True,2022-06-27
597,25,121784,enterprise,Sweden,False,2026-06-01
598,74,71774,consumer,Denmark,True,2022-06-20
599,79,109605,enterprise,Finland,False,2021-07-08
600,26,63187,consumer,Sweden,True,2024-10-17
601,84,34483,consumer,Finland,True,2026-05-28
602,62,129070,business,Finland,True,2021-08-12
603,19,65568,business,Finland,False,2022-11-09
604,27,87026,business,Norway,False,2024-02-14
605,24,71628,consumer,Finland,True,2021-11-19
606,76,80733,consumer,Sweden,False,2026-01-06
607,58,87191,consumer,Sweden,True,2025-07-11
608,70,22022,consumer,Sweden,False,2023-04-28
609,76,175248,enterprise,Sweden,True,2026-02-05
610,60,84014,consumer,Denmark,False,2022-04-13
611,30,74064,business,Sweden,False,2024-12-25
612,55,71006,consumer,Sweden,True,2022-11-04
613,81,75636,consumer,Sweden,False,2023-03-14
614,42,73497,consumer,Norway,False,2023-02-20
615,61,76325,consumer,Sweden,True,2026-01-20
616,76,111086,business,Norway,False,2021-01-18
617,85,117512,business,Finland,False,2022-12-27
618,40,61827,business,Sweden,False,2024-08-11
619,82,99875,business,Norway,False,2025-06-18
620,61,198710,enterprise,Norway,True,2025-08-18
621,83,63144,consumer,Norway,True,2023-05-09
622,55,133129,business,Norway,True,2026-08-26
623,59,144716,business,Denmark,False,2025-09-06
624,54,100363,business,Sweden,True,2021-04-14
625,66,29419,consumer,Norway,False,2022-10-22
626,54,64192,business,Sweden,False,2023-04-16
627,22,81322,consumer,Sweden,True,2025-05-12
628,48,59701,consumer,Sweden,False,2025-05-07
629,71,161960,enterprise,Sweden,True,2023-10-27
630,43,147357,business,Finland,True,2025-02-15
631,43,70362,business,Denmark,False,2022-12-28
632,27,44779,consumer,Sweden,False,2021-06-16
633,72,56634,consumer,Norway,True,2023-11-11
634,18,42290,consumer,Sweden,True,2024-08-14
635,24,126968,business,Denmark,False,2025-01-06
636,27,86662,business,Norway,True,2021-10-07
637,82,74876,consumer,Sweden,False,2023-06-26
638,45,88393,business,Denmark,False,2023-06-14
639,85,23153,consumer,Sweden,False,2025-12-31
640,48,240878,enterprise,Norway,True,2024-08-07
641,66,109720,enterprise,Finland,False,2024-03-04
642,21,178293,enterprise,Finland,False,2021-06-29
643,55,70232,business,Denmark,True,2022-01-29
644,39,221026,enterprise,Sweden,True,2023-05-14
645,45,100601,business,Sweden,True,2025-11-18
646,27,65152,business,Sweden,False,2024-09-20
647,22,29113,consumer,Norway,False,2021-10-16
648,47,186858,enterprise,Finland,False,2025-07-15
649,73,73052,consumer,Sweden,True,2021-09-17
650,23,54514,business,Mars,True,2024-04-02
651,56,81899,business,Finland,False,2025-06-07
652,21,50818,consumer,Norway,False,2024-04-23
653,36,70906,consumer,Sweden,True,2022-05-20
654,23,73653,consumer,Sweden,False,2023-05-11
655,62,89181,consumer,Norway,True,2023-01-24
656,46,78127,business,Norway,True,2023-01-13
657,24,116939,business,Finland,True,2024-04-05
658,26,47875,consumer,Finland,False,2025-01-02
659,34,75740,business,Sweden,False,2021-10-13
660,42,81067,consumer,Denmark,False,2022-09-17
661,64,101139,business,Norway,True,2024-07-06
662,49,138349,business,Finland,False,2025-01-12
663,35,88458,business,Finland,False,2025-12-30
664,63,108828,business,Sweden,True,2021-12-02
665,53,63350,business,Norway,False,2021-11-10
666,27,156357,business,Sweden,False,2023-05-22
667,22,83879,consumer,Norway,False,2025-05-27
668,46,122280,business,Denmark,True,2026-03-19
669,82,74007,consumer,Denmark,True,2023-09-06
670,39,63398,business,Finland,True,2023-01-04
671,36,108373,business,Denmark,True,2023-06-16
672,80,56649,consumer,Denmark,True,2021-06-25
673,44,69349,consumer,Finland,False,2026-02-06
674,23,64476,consumer,Sweden,False,2023-12-15
675,40,71613,consumer,Denmark,True,2023-10-28
676,66,138431,enterprise,Finland,False,2024-11-14
677,80,124195,business,Sweden,True,2025-12-07
678,39,89441,consumer,Denmark,True,2022-09-08
679,41,37509,consumer,Norway,False,2024-09-14
680,32,84759,consumer,Finland,True,2022-10-23
681,70,27655,consumer,Norway,True,2022-07-06
682,83,41249,consumer,Sweden,True,2023-11-24
683,41,75143,consumer,Sweden,False,2021-12-18
684,45,83789,consumer,Finland,True,2023-06-18
685,70,149151,business,Norway,False,2022-11-18
686,61,236377,enterprise,Sweden,True,2025-03-30
687,67,24170,consumer,Norway,False,2022-09-05
688,30,27116,consumer,Sweden,True,2026-05-30
689,34,221370,enterprise,Sweden,False,2025-09-20
690,65,136441,business,Finland,True,2026-05-29
691,66,34807,consumer,Finland,True,2023-11-09
692,79,157597,business,Sweden,False,2025-08-01
693,50,22932,consumer,Sweden,True,2025-03-17
694,44,86405,business,Finland,False,2022-03-13
695,37,55244,consumer,Denmark,False,2025-02-06
696,53,184190,enterprise,Norway,False,2026-05-31
697,40,85407,consumer,Denmark,False,2024-11-11
698,68,157066,business,Sweden,True,2026-01-04
699,38,88629,consumer,Finland,False,2021-08-02
700,38,22693,consumer,Sweden,True,2026-04-16
701,73,56483,consumer,Norway,False,2021-11-24
702,22,97513,business,Denmark,True,2022-12-19
703,81,48438,consumer,Denmark,True,2021-05-18
704,83,52365,consumer,Norway,True,2025-01-13
705,48,65636,business,Sweden,False,2025-06-25
706,63,98143,business,Norway,True,2021-10-09
707,29,67625,consumer,Denmark,False,2023-07-16
708,42,74947,consumer,Sweden,False,2022-12-18
709,70,31487,consumer,Denmark,False,2022-04-25
710,83,221008,enterprise,Denmark,False,2025-03-25
711,79,144283,business,Denmark,False,2026-03-03
712,21,55792,consumer,Sweden,False,2023-06-22
713,47,99057,business,Denmark,True,2023-12-15
714,49,74288,consumer,Denmark,True,2023-01-02
715,78,50647,consumer,Denmark,True,2023-02-18
716,81,75783,business,Norway,False,2023-04-27
717,47,54728,consumer,Denmark,True,2022-03-13
718,33,209149,enterprise,Sweden,True,2026-05-30
719,65,109532,business,Denmark,False,2023-01-20
720,83,51110,consumer,Norway,True,2025-09-30
721,79,88536,enterprise,Denmark,False,2022-12-17
722,76,215844,enterprise,Finland,False,2021-02-04
723,19,94732,business,Sweden,False,2025-01-21
724,51,56452,consumer,Norway,False,2026-04-15
725,61,87374,consumer,Finland,True,2025-09-13
726,65,74506,consumer,Denmark,False,2023-01-07
727,34,139917,enterprise,Sweden,False,2023-08-24
728,73,70698,business,Norway,True,2026-04-22
729,19,87483,consumer,Norway,False,2026-06-17
730,56,28253,consumer,Finland,True,2022-11-01
731,25,55330,consumer,Finland,True,2026-01-17
732,60,69226,consumer,Denmark,False,2021-03-23
733,70,48077,consumer,Norway,False,2024-12-25
734,59,108896,business,Finland,True,2025-04-10
735,54,40985,consumer,Norway,False,2025-09-24
736,69,54351,business,Sweden,True,2024-11-08
737,47,60188,consumer,Denmark,False,2024-01-17
738,74,92600,business,Finland,False,2022-11-17
739,41,61389,business,Norway,False,2021-11-24
740,44,35501,consumer,Sweden,True,2026-04-23
741,24,74037,consumer,Sweden,True,2023-12-12
742,37,73097,consumer,Denmark,True,2023-10-11
743,54,38569,consumer,Norway,True,2021-04-28
744,22,157770,business,Denmark,False,2026-03-29
745,52,39709,consumer,Norway,False,2025-11-17
746,85,114964,business,Denmark,False,2026-05-27
747,47,102915,business,Denmark,False,2025-08-16
748,51,23383,consumer,Sweden,True,2024-11-09
749,54,23090,consumer,Finland,False,2024-05-12
750,19,149590,business,Germany,True,2021-01-30
751,65,79292,consumer,Finland,True,2022-10-31
752,67,73913,business,Denmark,True,2025-09-26
753,48,57633,consumer,Denmark,False,2025-08-19
754,42,68908,business,Norway,False,2022-03-29
755,76,80669,business,Finland,True,2024-08-06
756,20,24900,consumer,Norway,True,2024-03-01
757,52,79464,consumer,Sweden,True,2022-01-05
758,37,50467,consumer,Denmark,False,2024-06-30
759,81,201552,enterprise,Sweden,False,2021-11-25
760,36,73435,consumer,Sweden,False,2023-01-14
761,42,77778,business,Finland,True,2022-05-15
762,49,80059,consumer,Norway,True,2023-03-27
763,76,57315,business,Norway,False,2025-05-13
764,57,121579,enterprise,Sweden,True,2023-11-04
765,79,71047,business,Denmark,True,2023-06-12
766,32,78906,consumer,Denmark,True,2022-11-17
767,53,73879,consumer,Norway,True,2021-06-22
768,78,65315,business,Denmark,True,2023-10-16
769,38,66357,consumer,Sweden,True,2024-12-27
770,37,148739,business,Sweden,True,2026-06-22
771,47,67523,consumer,Finland,True,2021-03-29
772,66,39659,consumer,Denmark,True,2026-06-11
773,74,86237,consumer,Norway,True,2024-11-25
774,59,81087,business,Norway,True,2022-09-27
775,75,56517,consumer,Denmark,False,2021-01-03
776,82,46318,consumer,Sweden,False,2023-09-06
777,59,131283,business,Finland,True,2026-07-31
778,37,87283,business,Finland,False,2022-03-29
779,30,30739,consumer,Sweden,True,2023-01-02
780,22,85618,consumer,Norway,True,2021-05-11
781,67,113920,business,Denmark,True,2025-02-09
782,46,54289,business,Sweden,True,2026-07-06
783,28,29956,consumer,Denmark,False,2025-02-20
784,25,79840,business,Sweden,True,2024-05-29
785,27,216179,enterprise,Sweden,True,2023-08-05
786,67,54605,consumer,Norway,False,2022-03-09
787,63,137084,business,Finland,True,2022-11-15
788,41,88151,consumer,Denmark,True,2025-12-20
789,63,224200,enterprise,Denmark,False,2025-08-16
790,73,87395,business,Norway,True,2025-03-17
791,50,81297,consumer,Finland,False,2021-01-01
792,22,236175,enterprise,Sweden,True,2024-05-21
793,18,51083,consumer,Norway,False,2021-03-30
794,53,214026,enterprise,Norway,True,2021-06-04
795,76,40141,consumer,Denmark,False,2023-10-21
796,47,61361,consumer,Sweden,False,2023-06-10
797,27,148927,business,Finland,True,2026-06-23
798,30,61373,consumer,Sweden,False,2021-11-18
799,25,167658,enterprise,Denmark,False,2025-09-03
800,33,74716,business,Sweden,False,2021-08-10
801,57,63853,consumer,Norway,False,2026-08-20
802,46,73495,consumer,Finland,True,2023-06-29
803,73,73684,consumer,Norway,True,2024-10-08
804,28,28463,consumer,Finland,False,2021-12-15
805,69,39088,consumer,Norway,False,2023-03-23
806,80,47703,consumer,Norway,True,2021-10-21
807,52,87390,business,Sweden,True,2025-08-22
808,72,46967,consumer,Denmark,False,2021-04-10
809,57,67838,consumer,Finland,True,2025-12-10
810,23,141207,enterprise,Norway,False,2022-10-01
811,28,29148,consumer,Norway,True,2024-03-24
812,19,36585,consumer,Denmark,False,2026-04-14
813,20,49770,consumer,Norway,False,2026-06-02
814,36,132590,business,Sweden,False,2021-06-28
815,50,59226,consumer,Norway,False,2021-08-06
816,77,46092,business,Sweden,False,2024-01-17
817,64,47500,business,Denmark,False,2023-08-05
818,66,35055,consumer,Denmark,False,2021-12-27
819,41,82029,consumer,Sweden,True,2023-10-11
820,85,86216,consumer,Finland,True,2021-03-17
821,62,91580,business,Denmark,True,2026-08-16
822,53,127023,business,Denmark,False,2021-05-01
823,53,66798,consumer,Finland,True,2021-12-26
824,66,51809,consumer,Finland,True,2022-09-18
825,72,238693,enterprise,Denmark,False,2022-06-24
826,44,121156,business,Norway,True,2024-06-19
827,85,192738,enterprise,Norway,True,2024-07-24
828,26,37517,consumer,Norway,False,2022-08-20
829,21,99269,business,Finland,False,2025-12-20
830,53,46632,consumer,Sweden,True,2023-01-27
831,21,125213,business,Denmark,True,2023-08-10
832,47,92089,business,Sweden,False,2022-07-04
833,82,106441,business,Denmark,True,2025-05-07
834,80,43467,consumer,Norway,True,2021-05-13
835,70,46967,business,Denmark,False,2023-07-01
836,43,53668,business,Norway,False,2026-06-30
837,59,77346,business,Finland,False,2021-06-21
838,66,96662,business,Sweden,True,2026-01-24
839,76,50559,business,Norway,False,2021-06-10
840,67,28461,consumer,Norway,False,2025-12-06
841,68,146407,business,Denmark,False,2022-11-13
842,72,29149,consumer,Norway,False,2026-01-25
843,29,59833,business,Norway,True,2025-05-30
844,70,25265,consumer,Norway,False,2023-04-08
845,76,64477,consumer,Norway,True,2022-01-09
846,32,128109,business,Denmark,True,2025-04-23
847,83,65958,business,Finland,False,2021-06-29
848,39,228240,enterprise,Norway,True,2022-08-16
849,40,51725,business,Finland,False,2024-06-21
850,75,45684,,Sweden,True,2023-04-11
851,18,78175,business,Sweden,False,2026-08-01
852,81,22753,consumer,Finland,True,2023-06-08
853,78,79917,consumer,Sweden,True,2023-09-30
854,53,118079,business,Norway,True,2023-01-28
855,36,67746,consumer,Sweden,True,2021-05-13
856,56,33495,consumer,Sweden,True,2025-09-04
857,40,59274,consumer,Norway,False,2025-01-15
858,22,61229,consumer,Denmark,False,2025-04-02
859,26,155534,business,Sweden,False,2026-04-13
860,35,57968,consumer,Denmark,False,2023-05-10
861,44,59326,business,Sweden,False,2024-03-22
862,72,86482,business,Denmark,False,2022-06-16
863,81,87239,consumer,Finland,True,2023-08-12
864,55,80414,enterprise,Sweden,True,2026-03-20
865,33,72175,business,Finland,False,2021-07-06
866,60,49831,consumer,Sweden,True,2024-02-28
867,50,85340,business,Denmark,False,2021-01-26
868,32,89742,business,Finland,True,2022-12-21
869,42,66294,consumer,Finland,False,2021-05-26
870,35,82374,consumer,Denmark,False,2025-08-23
871,25,84235,business,Denmark,True,2023-05-04
872,60,149304,business,Denmark,True,2022-09-04
873,53,89453,business,Finland,True,2025-05-15
874,41,62407,consumer,Denmark,True,2024-01-18
875,70,53148,consumer,Denmark,False,2024-05-24
876,45,44939,consumer,Sweden,False,2021-06-03
877,43,196332,enterprise,Sweden,False,2026-08-11
878,37,85369,consumer,Denmark,False,2022-08-10
879,30,112652,business,Norway,True,2021-05-30
880,76,37182,consumer,Sweden,False,2021-06-30
881,29,28047,consumer,Sweden,False,2021-04-03
882,57,72504,business,Denmark,True,2023-02-28
883,54,63831,consumer,Finland,True,2024-01-22
884,37,37002,consumer,Sweden,True,2023-04-27
885,62,57527,consumer,Norway,False,2023-09-30
886,39,66399,consumer,Finland,True,2022-06-17
887,21,28613,consumer,Sweden,False,2021-08-09
888,29,45459,consumer,Finland,False,2024-07-03
889,60,138441,business,Sweden,False,2022-06-24
890,29,136566,business,Finland,True,2026-02-10
891,57,138089,business,Finland,False,2023-08-08
892,46,55823,consumer,Denmark,False,2023-01-22
893,60,87567,business,Finland,False,2021-05-04
894,26,68064,consumer,Finland,False,2022-12-01
895,54,124225,business,Norway,True,2025-07-20
896,31,31296,consumer,Denmark,False,2025-06-30
897,70,53941,consumer,Norway,False,2025-04-22
898,26,78511,consumer,Finland,False,2023-08-26
899,40,55209,business,Finland,True,2026-03-12
900,59,80355,consumer,Norway,False,2025-07-21
901,26,71664,consumer,Denmark,False,2021-09-09
902,29,40208,consumer,Sweden,True,2022-09-04
903,75,73115,consumer,Finland,True,2023-04-23
904,58,61917,consumer,Finland,False,2022-01-01
905,19,111902,business,Finland,True,2024-04-19
906,25,28963,consumer,Sweden,False,2022-03-26
907,54,75833,business,Finland,False,2024-07-27
908,66,79041,consumer,Norway,True,2026-04-30
909,35,72409,consumer,Denmark,False,2022-09-24
910,54,112911,enterprise,Norway,True,2021-10-21
911,20,85792,consumer,Finland,True,2021-12-13
912,35,99507,business,Finland,False,2023-01-07
913,76,80988,consumer,Finland,False,2023-07-14
914,41,22973,consumer,Finland,True,2026-08-18
915,52,70099,consumer,Sweden,True,2026-06-03
916,65,85115,consumer,Sweden,True,2024-02-19
917,77,33592,consumer,Norway,False,2021-11-16
918,57,90029,business,Sweden,False,2026-02-03
919,83,230461,enterprise,Denmark,False,2024-12-16
920,55,26630,consumer,Denmark,False,2021-09-09
921,78,28765,consumer,Denmark,True,2024-03-20
922,80,88269,consumer,Sweden,False,2023-10-30
923,34,81073,business,Denmark,True,2022-04-02
924,40,119619,enterprise,Finland,False,2022-12-20
925,51,75958,business,Finland,True,2021-05-16
926,61,118029,enterprise,Norway,False,2025-08-19
927,67,79695,consumer,Norway,True,2024-11-14
928,24,144022,business,Sweden,True,2022-11-18
929,77,61500,consumer,Finland,True,2025-04-05
930,67,41025,consumer,Finland,True,2024-03-28
931,75,63377,consumer,Sweden,True,2024-12-20
932,73,130467,business,Denmark,False,2024-01-13
933,52,78468,business,Finland,False,2023-09-18
934,42,45582,consumer,Denmark,True,2021-02-04
935,26,34805,consumer,Sweden,False,2024-12-10
936,46,78016,business,Norway,True,2021-04-08
937,29,50419,consumer,Sweden,True,2021-12-20
938,34,46217,consumer,Sweden,True,2023-11-04
939,55,31924,consumer,Finland,False,2025-10-15
940,59,31698,consumer,Denmark,True,2025-04-17
941,67,29872,consumer,Denmark,False,2022-12-30
942,74,48302,consumer,Finland,True,2026-07-09
943,31,78525,consumer,Norway,True,2025-12-14
944,51,31557,consumer,Sweden,False,2026-01-01
945,20,64510,business,Sweden,True,2025-05-19
946,52,65231,consumer,Finland,True,2026-07-03
947,79,31188,consumer,Norway,True,2025-04-24
948,79,69044,consumer,Denmark,False,2025-06-29
949,25,129813,business,Sweden,False,2024-10-24
950,28,,business,Denmark,True,2022-12-25
951,23,130070,enterprise,Denmark,False,2022-03-14
952,63,79407,consumer,Norway,True,2021-05-27
953,42,53258,consumer,Finland,False,2021-09-16
954,57,80891,consumer,Sweden,True,2024-10-21
955,25,27611,consumer,Finland,True,2023-05-18
956,84,41523,consumer,Norway,True,2021-06-01
957,36,24498,consumer,Finland,True,2023-09-22
958,34,28548,consumer,Denmark,True,2026-02-12
959,39,53383,business,Sweden,True,2026-07-30
960,46,48560,consumer,Finland,False,2025-07-05
961,59,40000,consumer,Denmark,True,2021-07-06
962,40,37826,consumer,Denmark,True,2025-08-28
963,39,117536,business,Norway,False,2023-09-25
964,23,71300,consumer,Norway,True,2026-06-18
965,28,45516,consumer,Sweden,False,2025-09-01
966,78,72021,business,Norway,False,2026-01-19
967,70,44878,consumer,Sweden,True,2026-08-10
968,29,147574,business,Denmark,False,2025-09-12
969,18,47153,consumer,Sweden,True,2025-01-22
970,82,49277,consumer,Denmark,True,2023-03-05
971,32,134816,business,Finland,False,2022-12-24
972,38,50651,business,Sweden,False,2024-03-13
973,44,65816,consumer,Finland,True,2022-03-04
974,24,126107,enterprise,Norway,True,2026-06-10
975,83,52841,consumer,Finland,False,2025-09-13
976,43,87688,business,Norway,True,2024-08-28
977,47,76079,consumer,Norway,False,2023-06-23
978,27,85492,consumer,Sweden,False,2022-08-17
979,45,199273,enterprise,Norway,False,2025-03-10
980,35,47448,consumer,Denmark,False,2023-04-09
981,60,29818,consumer,Denmark,True,2022-04-01
982,77,44439,consumer,Denmark,True,2024-04-23
983,38,128623,business,Norway,True,2021-12-21
984,70,109122,business,Norway,False,2026-03-11
985,53,78113,consumer,Norway,True,2024-09-02
986,73,41525,consumer,Sweden,False,2021-07-01
987,23,212177,enterprise,Sweden,False,2025-06-04
988,79,136311,business,Sweden,False,2026-07-22
989,48,23628,consumer,Finland,True,2022-06-28
990,63,33892,consumer,Sweden,False,2024-06-02
991,38,157449,business,Sweden,False,2026-03-15
992,35,98131,business,Norway,False,2026-03-17
993,18,54266,business,Finland,False,2021-05-14
994,55,57361,consumer,Norway,True,2024-10-07
995,25,69708,consumer,Sweden,True,2025-04-18
996,64,27357,consumer,Denmark,False,2022-12-19
997,26,48832,consumer,Norway,False,2023-09-05
998,32,141649,business,Norway,True,2024-08-05
999,63,111003,business,Finland,False,2021-08-12
1000,26,81298,consumer,Finland,True,2026-04-10
1001,55,70253,consumer,Sweden,True,2026-02-19
1002,29,45437,consumer,Denmark,True,2022-03-24
1003,39,41392,consumer,Finland,True,2023-04-17
1004,84,85948,enterprise,Denmark,False,2022-06-25
1005,78,80177,consumer,Sweden,False,2023-02-14
1006,26,52451,consumer,Denmark,False,2024-11-05
1007,59,80360,consumer,Finland,False,2022-06-25
1008,57,56079,consumer,Norway,False,2025-03-04
1009,54,51202,business,Norway,False,2024-03-10
1010,76,242170,enterprise,Norway,False,2023-01-17
1011,40,135814,business,Norway,True,2023-09-02
1012,32,63500,consumer,Norway,False,2023-12-03
1013,65,26546,consumer,Denmark,False,2022-08-29
1014,65,43311,consumer,Denmark,True,2021-04-13
1015,69,118111,enterprise,Finland,False,2022-10-02
1016,18,223168,enterprise,Denmark,False,2026-04-26
1017,55,230399,enterprise,Norway,False,2024-10-19
1018,32,50253,business,Norway,True,2024-06-15
1019,21,50883,consumer,Finland,False,2022-01-14
1020,59,47578,consumer,Norway,False,2023-03-13
1021,20,80387,consumer,Sweden,False,2023-03-08
1022,80,89050,consumer,Sweden,False,2025-06-17
1023,36,101051,business,Denmark,False,2025-03-08
1024,19,68052,consumer,Denmark,False,2021-12-25
1025,45,103224,business,Finland,False,2024-03-28
1026,38,100552,business,Finland,True,2021-12-19
1027,36,84208,consumer,Denmark,True,2025-03-20
1028,29,57825,consumer,Finland,True,2026-03-08
1029,35,72039,consumer,Denmark,False,2021-06-22
1030,56,84834,business,Finland,False,2023-07-09
1031,21,65188,business,Denmark,False,2026-04-20
1032,33,82707,business,Finland,True,2026-07-08
1033,49,58335,consumer,Finland,True,2025-01-21
1034,79,55804,consumer,Finland,True,2025-03-09
1035,83,47299,business,Denmark,True,2021-08-28
1036,36,39759,consumer,Denmark,True,2021-08-05
1037,52,68659,consumer,Sweden,False,2024-04-09
1038,85,55069,business,Norway,True,2022-01-23
1039,39,63446,consumer,Denmark,False,2025-01-24
1040,30,68088,consumer,Norway,True,2022-07-15
1041,84,85556,consumer,Finland,False,2022-10-30
1042,31,87979,consumer,Norway,True,2022-04-12
1043,71,32013,consumer,Sweden,True,2021-03-13
1044,79,69522,consumer,Norway,False,2024-11-02
1045,40,48769,business,Sweden,True,2022-06-12
1046,36,85295,business,Norway,True,2022-06-18
1047,28,36643,consumer,Sweden,True,2026-06-07
1048,73,36131,consumer,Sweden,True,2026-04-06
1049,33,91345,enterprise,Sweden,False,2021-02-12
1050,30,123878,business,Norway,maybe,2023-01-27
1051,62,41078,consumer,Denmark,False,2024-12-13
1052,38,147341,business,Norway,True,2022-02-10
1053,19,47106,consumer,Denmark,True,2021-01-18
1054,30,212171,enterprise,Finland,False,2023-01-29
1055,74,59067,business,Norway,False,2025-04-04
1056,72,51825,consumer,Finland,True,2024-07-11
1057,33,39814,consumer,Finland,False,2024-03-26
1058,23,86711,consumer,Sweden,False,2024-03-07
1059,76,85895,business,Finland,True,2025-07-27
1060,55,192187,enterprise,Norway,True,2026-05-03
1061,65,86441,consumer,Sweden,False,2025-11-30
1062,84,56141,business,Sweden,True,2025-06-06
1063,69,58332,business,Norway,True,2025-01-29
1064,43,74990,consumer,Sweden,True,2025-10-06
1065,81,57779,consumer,Finland,False,2026-05-03
1066,69,214064,enterprise,Denmark,True,2026-02-06
1067,31,86138,consumer,Finland,True,2022-07-06
1068,21,28927,consumer,Sweden,False,2021-04-20
1069,40,64854,consumer,Norway,False,2022-01-30
1070,27,113150,business,Finland,False,2023-04-08
1071,55,109258,business,Denmark,False,2021-03-14
1072,22,111230,enterprise,Finland,False,2024-07-12
1073,66,26716,consumer,Sweden,True,2024-05-26
1074,39,39627,consumer,Denmark,False,2026-06-20
1075,32,86297,consumer,Finland,False,2022-10-03
1076,82,56523,consumer,Finland,False,2024-12-15
1077,54,25689,consumer,Sweden,True,2025-02-09
1078,62,121541,business,Sweden,False,2025-04-08
1079,30,68840,consumer,Finland,False,2021-08-20
1080,49,62907,consumer,Sweden,True,2024-06-02
1081,32,24583,consumer,Denmark,True,2026-03-03
1082,72,77203,consumer,Denmark,True,2026-04-08
1083,20,179021,enterprise,Finland,False,2022-02-05
1084,80,48988,consumer,Denmark,False,2026-08-22
1085,61,61258,consumer,Denmark,False,2023-04-07
1086,81,148173,business,Sweden,True,2024-03-23
1087,51,74694,consumer,Norway,True,2022-01-24
1088,61,84294,consumer,Finland,True,2024-11-23
1089,27,84563,business,Denmark,False,2024-07-07
1090,43,54933,consumer,Finland,True,2021-03-18
1091,84,120608,business,Finland,True,2026-03-30
1092,52,219649,enterprise,Finland,True,2023-04-02
1093,64,53506,consumer,Norway,False,2025-11-19
1094,70,30444,consumer,Norway,False,2023-12-30
1095,54,78612,business,Norway,False,2023-09-04
1096,32,25631,consumer,Norway,False,2026-03-17
1097,80,79164,consumer,Finland,True,2023-04-08
1098,38,25819,consumer,Denmark,False,2022-12-22
1099,23,207360,enterprise,Sweden,True,2021-12-10
1100,58,158661,business,Sweden,False,2025-01-28
1101,29,40423,consumer,Norway,True,2026-08-12
1102,33,55004,consumer,Finland,True,2023-09-03
1103,33,86079,business,Denmark,False,2023-08-25
1104,72,36000,consumer,Norway,True,2024-01-30
1105,74,29330,consumer,Finland,False,2022-04-08
1106,58,84240,consumer,Norway,False,2022-08-17
1107,64,70200,consumer,Denmark,True,2021-05-23
1108,24,148389,business,Norway,False,2025-04-25
1109,57,136831,business,Denmark,True,2023-08-27
1110,74,73508,consumer,Denmark,False,2022-01-05
1111,48,43001,consumer,Finland,False,2025-07-23
1112,22,32498,consumer,Finland,False,2025-08-19
1113,60,159918,business,Sweden,True,2023-12-05
1114,82,77164,consumer,Denmark,False,2021-04-23
1115,24,69083,business,Finland,True,2021-01-13
1116,69,62048,consumer,Denmark,True,2022-03-30
1117,38,39051,consumer,Finland,False,2026-01-24
1118,79,62499,business,Denmark,True,2024-09-03
1119,54,76328,consumer,Denmark,True,2025-05-31
1120,66,229524,enterprise,Norway,True,2021-04-05
1121,47,201221,enterprise,Norway,False,2022-11-23
1122,24,78217,consumer,Denmark,True,2021-12-31
1123,65,37381,consumer,Sweden,False,2026-02-02
1124,81,48626,consumer,Norway,False,2024-03-25
1125,81,78532,consumer,Norway,True,2024-03-05
1126,42,75546,consumer,Norway,True,2024-04-03
1127,51,81110,consumer,Norway,False,2026-02-20
1128,28,39459,consumer,Denmark,False,2023-05-20
1129,67,141482,business,Denmark,True,2022-01-26
1130,25,52781,consumer,Finland,False,2021-07-06
1131,18,71930,consumer,Denmark,False,2025-02-28
1132,34,226685,enterprise,Sweden,True,2023-12-03
1133,39,66456,consumer,Finland,True,2022-01-03
1134,58,101744,business,Norway,False,2022-04-24
1135,58,38760,consumer,Finland,False,2025-01-16
1136,73,56500,consumer,Denmark,False,2025-11-20
1137,39,86392,consumer,Norway,False,2021-08-06
1138,42,52128,consumer,Norway,True,2026-04-11
1139,51,83228,consumer,Finland,True,2026-07-21
1140,23,85596,consumer,Finland,False,2022-04-06
1141,36,34265,consumer,Norway,False,2023-01-10
1142,39,152816,business,Denmark,True,2021-01-17
1143,85,68667,business,Finland,True,2023-10-06
1144,81,88077,business,Sweden,False,2022-05-15
1145,68,35902,consumer,Denmark,True,2021-04-29
1146,28,84895,consumer,Finland,False,2021-01-24
1147,60,243149,enterprise,Finland,False,2022-06-14
1148,45,150061,business,Denmark,False,2021-08-16
1149,27,71989,consumer,Sweden,False,2023-11-12
1150,40,74286,consumer,Sweden,yes,2023-05-03
1151,38,74742,consumer,Denmark,True,2022-05-09
1152,56,78670,consumer,Denmark,True,2025-01-10
1153,30,112194,business,Norway,False,2025-12-30
1154,67,77452,consumer,Sweden,False,2025-02-17
1155,41,77838,consumer,Sweden,True,2024-10-31
1156,77,129883,business,Norway,False,2021-12-10
1157,55,32378,consumer,Finland,False,2022-09-01
1158,34,84375,business,Norway,False,2024-04-25
1159,24,27910,consumer,Sweden,False,2025-08-19
1160,30,55211,consumer,Denmark,False,2021-12-01
1161,82,82670,consumer,Norway,True,2025-05-29
1162,23,61013,consumer,Denmark,False,2026-01-17
1163,51,46535,consumer,Norway,True,2021-11-17
1164,51,58936,business,Finland,True,2021-01-24
1165,68,44509,consumer,Finland,False,2025-07-18
1166,80,69281,consumer,Finland,False,2021-12-25
1167,34,47008,consumer,Sweden,True,2023-02-10
1168,21,41025,consumer,Norway,False,2023-02-21
1169,29,82742,consumer,Norway,False,2025-09-25
1170,20,41978,consumer,Finland,False,2026-04-16
1171,20,121706,business,Norway,True,2024-04-22
1172,68,23032,consumer,Sweden,False,2025-08-30
1173,81,123097,business,Denmark,True,2026-06-20
1174,69,85950,consumer,Norway,True,2021-03-19
1175,72,30324,consumer,Denmark,False,2026-04-23
1176,32,67451,consumer,Finland,False,2021-03-27
1177,38,47192,consumer,Finland,False,2025-11-30
1178,47,66453,consumer,Finland,True,2024-04-16
1179,67,174438,enterprise,Finland,True,2023-04-29
1180,54,56297,business,Finland,True,2022-12-11
1181,43,86511,consumer,Sweden,False,2026-07-16
1182,56,28166,consumer,Sweden,False,2023-12-05
1183,63,67900,business,Sweden,True,2024-10-15
1184,73,51712,consumer,Sweden,True,2026-06-16
1185,51,173124,enterprise,Sweden,False,2022-09-12
1186,83,58650,business,Sweden,False,2026-02-16
1187,32,240057,enterprise,Sweden,True,2022-03-08
1188,39,159146,business,Norway,False,2022-10-06
1189,55,144872,business,Finland,True,2022-09-24
1190,64,40058,consumer,Sweden,True,2025-12-04
1191,71,45863,business,Norway,False,2024-10-30
1192,54,33171,consumer,Denmark,False,2025-08-27
1193,64,77171,business,Norway,False,2023-07-24
1194,35,99186,business,Finland,False,2025-01-21
1195,21,23303,consumer,Sweden,True,2024-10-17
1196,58,43538,consumer,Finland,True,2025-05-30
1197,22,129078,business,Norway,True,2024-04-26
1198,71,61888,consumer,Denmark,False,2021-02-02
1199,53,240012,enterprise,Norway,False,2026-01-02
1200,44,126836,business,Finland,False,2025-07-15
1201,43,56046,business,Sweden,False,2025-05-17
1202,34,59214,consumer,Norway,True,2024-07-02
1203,84,42975,consumer,Sweden,True,2023-11-26
1204,48,84838,business,Finland,True,2021-09-03
1205,65,88518,consumer,Denmark,True,2021-07-15
1206,33,22683,consumer,Finland,False,2023-08-26
1207,47,59294,consumer,Norway,False,2023-10-12
1208,31,47238,consumer,Denmark,False,2022-02-06
1209,36,153584,business,Finland,True,2022-01-13
1210,25,39047,consumer,Finland,True,2026-01-02
1211,27,74789,consumer,Finland,False,2026-08-06
1212,72,208330,enterprise,Finland,True,2022-08-15
1213,82,81993,consumer,Norway,True,2023-05-21
1214,76,42557,consumer,Denmark,True,2025-08-01
1215,32,59957,consumer,Sweden,True,2022-04-28
1216,65,71081,consumer,Denmark,False,2026-06-14
1217,21,63630,business,Finland,True,2024-06-03
1218,54,86067,consumer,Sweden,True,2024-11-29
1219,26,99732,business,Finland,False,2026-01-27
1220,61,107289,business,Norway,True,2026-08-30
1221,76,132453,business,Finland,True,2024-08-25
1222,29,132097,business,Finland,False,2023-08-12
1223,68,28005,consumer,Finland,False,2021-12-29
1224,39,119972,business,Denmark,True,2021-12-15
1225,42,222038,enterprise,Sweden,True,2026-05-04
1226,82,60765,business,Norway,True,2024-02-01
1227,44,80226,consumer,Sweden,False,2025-07-04
1228,23,25049,consumer,Denmark,False,2023-01-10
1229,71,63599,consumer,Finland,False,2022-01-08
1230,32,222024,enterprise,Norway,False,2022-08-13
1231,41,33747,consumer,Norway,False,2025-07-27
1232,39,64636,consumer,Norway,True,2021-08-28
1233,56,63948,consumer,Norway,False,2024-08-20
1234,51,37855,consumer,Sweden,True,2023-09-09
1235,48,88115,consumer,Finland,True,2024-01-09
1236,25,75356,consumer,Sweden,False,2021-04-29
1237,70,47440,business,Denmark,True,2023-10-06
1238,34,75313,consumer,Finland,True,2026-08-12
1239,44,63660,business,Denmark,True,2023-10-02
1240,72,225529,enterprise,Finland,True,2021-01-05
1241,77,242720,enterprise,Denmark,True,2021-01-03
1242,25,206402,enterprise,Denmark,False,2025-04-07
1243,62,72886,business,Denmark,True,2022-10-24
1244,26,73813,consumer,Sweden,True,2024-02-19
1245,73,88167,consumer,Denmark,False,2023-12-07
1246,75,64157,consumer,Denmark,True,2026-02-27
1247,60,39527,consumer,Sweden,False,2021-01-18
1248,19,99154,business,Finland,False,2021-11-29
1249,27,80350,consumer,Sweden,False,2025-03-22
1250,63,23105,consumer,Sweden,False,not-a-date
1251,42,51035,consumer,Sweden,False,2025-01-05
1252,42,61738,consumer,Norway,True,2026-07-16
1253,64,86597,consumer,Norway,True,2023-03-15
1254,68,58352,consumer,Finland,True,2023-03-05
1255,40,38809,consumer,Sweden,True,2023-11-30
1256,47,140538,business,Denmark,True,2021-04-05
1257,50,104497,business,Sweden,False,2021-08-01
1258,59,75330,consumer,Denmark,True,2026-03-27
1259,81,27697,consumer,Norway,True,2024-02-13
1260,71,63450,consumer,Sweden,False,2023-03-09
1261,60,25325,consumer,Norway,False,2021-11-01
1262,49,65152,consumer,Denmark,True,2022-02-01
1263,21,25148,consumer,Denmark,False,2023-10-10
1264,31,66669,consumer,Sweden,False,2023-08-28
1265,27,126207,business,Finland,True,2026-01-03
1266,33,29954,consumer,Sweden,False,2024-07-07
1267,26,53126,business,Finland,True,2024-05-19
1268,73,29312,consumer,Sweden,False,2025-04-12
1269,69,75884,consumer,Norway,True,2026-02-01
1270,67,78112,consumer,Sweden,False,2021-04-17
1271,76,47228,consumer,Sweden,True,2021-02-20
1272,26,47377,consumer,Norway,False,2024-12-26
1273,71,80277,consumer,Norway,True,2022-07-18
1274,23,62850,consumer,Finland,False,2024-06-28
1275,36,62458,consumer,Denmark,False,2025-02-19
1276,19,40953,consumer,Sweden,True,2021-08-12
1277,72,48263,consumer,Norway,True,2024-10-30
1278,42,136066,business,Finland,False,2024-10-06
1279,56,43270,consumer,Sweden,False,2021-06-22
1280,81,22484,consumer,Norway,True,2026-03-26
1281,45,65452,consumer,Finland,True,2025-06-28
1282,41,45881,business,Denmark,True,2021-10-30
1283,63,37098,consumer,Norway,False,2025-12-09
1284,42,145339,business,Denmark,True,2021-05-02
1285,43,44825,consumer,Norway,False,2022-12-15
1286,61,77239,business,Norway,True,2021-03-30
1287,40,58263,business,Sweden,True,2025-04-02
1288,32,49556,consumer,Denmark,False,2023-09-11
1289,65,131626,business,Norway,False,2021-09-25
1290,33,39143,consumer,Norway,True,2025-03-30
1291,65,78300,consumer,Norway,True,2023-02-14
1292,55,87949,business,Norway,True,2024-02-22
1293,34,121556,business,Finland,True,2021-11-30
1294,78,125594,business,Sweden,True,2025-05-09
1295,83,82852,consumer,Norway,False,2025-03-12
1296,85,138801,business,Finland,False,2024-01-05
1297,69,148628,business,Sweden,True,2023-06-19
1298,43,52721,consumer,Finland,True,2024-06-07
1299,72,119890,business,Norway,False,2023-11-09
1300,28,33013,consumer,Denmark,False,2024-12-11
1301,47,82981,consumer,Denmark,False,2026-01-22
1302,77,70170,consumer,Finland,False,2024-01-24
1303,66,79892,consumer,Norway,False,2021-11-07
1304,63,157206,enterprise,Sweden,False,2023-07-22
1305,30,69216,consumer,Sweden,True,2024-09-29
1306,43,77771,business,Denmark,False,2023-02-20
1307,35,222377,enterprise,Denmark,True,2024-05-11
1308,54,147646,business,Finland,False,2021-02-18
1309,78,144766,business,Norway,False,2023-07-22
1310,47,72508,business,Finland,True,2026-04-04
1311,77,33255,consumer,Denmark,True,2025-10-23
1312,71,80978,consumer,Sweden,False,2022-07-24
1313,34,23268,consumer,Finland,False,2024-10-23
1314,46,74870,consumer,Denmark,False,2021-04-06
1315,22,120289,enterprise,Denmark,False,2025-04-11
1316,44,96700,enterprise,Finland,True,2026-04-29
1317,31,81183,consumer,Denmark,True,2022-12-04
1318,31,68283,business,Sweden,False,2021-04-20
1319,41,72579,consumer,Denmark,True,2023-08-13
1320,55,54172,business,Finland,True,2025-02-18
1321,84,64830,consumer,Finland,False,2022-10-06
1322,32,76842,consumer,Finland,True,2025-05-13
1323,44,48958,consumer,Denmark,False,2026-04-29
1324,38,85673,business,Norway,False,2024-02-03
1325,43,40702,consumer,Finland,True,2025-06-24
1326,49,86350,consumer,Finland,False,2021-06-10
1327,29,81809,consumer,Denmark,False,2025-05-21
1328,40,45537,consumer,Finland,False,2025-04-25
1329,41,57521,business,Finland,True,2023-09-09
1330,38,60258,consumer,Sweden,True,2026-07-15
1331,70,224919,enterprise,Sweden,False,2021-11-10
1332,31,64731,consumer,Finland,False,2022-11-07
1333,50,27850,consumer,Finland,True,2021-10-27
1334,77,74342,consumer,Norway,False,2021-06-04
1335,19,39888,consumer,Denmark,False,2026-06-09
1336,77,53757,consumer,Finland,True,2026-04-13
1337,53,67359,business,Sweden,True,2022-12-27
1338,55,73229,consumer,Norway,True,2021-02-15
1339,52,68935,consumer,Norway,True,2021-05-22
1340,45,28259,consumer,Sweden,False,2024-06-16
1341,74,22611,consumer,Sweden,False,2023-04-07
1342,49,53265,consumer,Norway,True,2021-03-07
1343,71,23908,consumer,Denmark,True,2021-09-16
1344,46,105323,enterprise,Norway,True,2021-06-30
1345,71,64879,consumer,Denmark,True,2023-04-29
1346,68,111668,enterprise,Norway,True,2022-03-10
1347,63,23965,consumer,Finland,False,2021-02-19
1348,67,50848,consumer,Sweden,False,2025-02-20
1349,23,50647,consumer,Finland,False,2026-08-09
1350,31,148712,business,Norway,False,2035-01-01
1351,59,181860,enterprise,Norway,False,2022-12-20
1352,58,206387,enterprise,Sweden,False,2021-03-14
1353,75,52464,consumer,Sweden,True,2021-03-28
1354,33,78164,consumer,Norway,True,2021-09-03
1355,35,60877,consumer,Norway,True,2025-03-20
1356,44,76203,business,Finland,False,2022-07-04
1357,53,27191,consumer,Finland,False,2021-04-08
1358,47,88420,business,Denmark,True,2023-04-24
1359,24,145100,enterprise,Norway,False,2024-08-10
1360,41,22792,consumer,Sweden,False,2021-10-14
1361,42,40550,consumer,Norway,True,2022-01-11
1362,40,48787,consumer,Norway,True,2025-10-12
1363,77,47891,consumer,Norway,False,2022-12-24
1364,49,80755,consumer,Norway,False,2026-05-25
1365,28,174262,enterprise,Finland,False,2022-11-19
1366,78,88229,consumer,Finland,True,2026-05-29
1367,20,101019,business,Sweden,False,2022-09-18
1368,40,82771,consumer,Denmark,False,2024-03-06
1369,66,85025,consumer,Sweden,False,2022-07-14
1370,78,46854,consumer,Sweden,True,2026-08-13
1371,65,76502,consumer,Finland,False,2025-04-23
1372,80,31336,consumer,Finland,True,2022-05-25
1373,67,122562,enterprise,Norway,False,2023-11-12
1374,62,86044,consumer,Denmark,True,2025-04-28
1375,72,76765,business,Finland,True,2025-01-20
1376,21,129585,business,Norway,False,2026-02-09
1377,36,43158,consumer,Sweden,True,2022-01-14
1378,67,32531,consumer,Norway,False,2022-11-11
1379,72,61612,consumer,Finland,False,2025-08-13
1380,29,67140,consumer,Norway,False,2023-05-09
1381,68,45841,business,Norway,False,2021-01-07
1382,30,76767,consumer,Finland,False,2025-11-01
1383,39,46431,consumer,Norway,True,2026-06-16
1384,41,36449,consumer,Finland,True,2023-01-31
1385,43,45950,consumer,Norway,False,2025-08-02
1386,74,126844,business,Sweden,True,2021-11-23
1387,55,38342,consumer,Denmark,True,2024-11-02
1388,21,84638,consumer,Finland,True,2021-02-08
1389,25,22947,consumer,Sweden,True,2023-05-15
1390,84,94239,business,Denmark,False,2026-04-23
1391,61,89112,business,Denmark,False,2024-07-15
1392,48,184456,enterprise,Finland,True,2024-12-29
1393,60,45404,business,Finland,False,2022-07-23
1394,21,158902,business,Denmark,True,2025-02-18
1395,75,131360,business,Finland,False,2023-02-09
1396,18,164458,enterprise,Sweden,False,2021-07-07
1397,59,75612,business,Finland,False,2021-11-30
1398,62,84406,consumer,Sweden,False,2024-04-18
1399,42,159014,business,Sweden,True,2026-08-02
1400,29,83184,consumer,Norway,False,2022-04-19
1401,79,76575,business,Norway,True,2022-11-30
1402,29,25830,consumer,Norway,False,2025-04-20
1403,53,55767,consumer,Finland,True,2022-07-11
1404,80,65620,consumer,Norway,True,2024-11-06
1405,66,180047,enterprise,Finland,True,2023-07-05
1406,51,33492,consumer,Sweden,True,2024-10-25
1407,42,60218,business,Denmark,True,2024-07-07
1408,66,22220,consumer,Denmark,True,2023-02-17
1409,67,163792,enterprise,Denmark,True,2023-06-29
1410,31,82372,consumer,Denmark,True,2024-04-30
1411,46,81740,consumer,Norway,False,2022-08-21
1412,22,62487,consumer,Sweden,False,2026-05-14
1413,45,71375,consumer,Sweden,False,2022-09-18
1414,44,151223,business,Norway,True,2023-01-04
1415,80,84203,business,Norway,True,2025-05-26
1416,61,84052,consumer,Denmark,False,2025-05-21
1417,27,59098,consumer,Denmark,True,2025-06-01
1418,30,29094,consumer,Denmark,False,2022-11-02
1419,35,85234,consumer,Denmark,True,2023-05-10
1420,45,70644,business,Sweden,False,2022-02-22
1421,36,77982,consumer,Norway,True,2022-01-29
1422,63,127089,enterprise,Sweden,True,2024-10-18
1423,73,244357,enterprise,Finland,True,2021-05-20
1424,33,86045,consumer,Denmark,True,2025-03-18
1425,29,158363,business,Finland,False,2025-12-29
1426,65,37286,consumer,Sweden,True,2026-06-27
1427,83,84848,consumer,Denmark,True,2023-01-12
1428,67,78840,consumer,Denmark,True,2022-02-12
1429,59,46233,consumer,Finland,True,2025-06-01
1430,85,38264,consumer,Norway,True,2023-01-11
1431,41,80619,consumer,Denmark,True,2021-06-10
1432,34,43130,consumer,Sweden,False,2021-05-24
1433,28,212683,enterprise,Denmark,False,2022-12-04
1434,72,80022,enterprise,Norway,False,2021-07-09
1435,84,156912,enterprise,Finland,True,2026-07-02
1436,58,68152,consumer,Norway,True,2021-07-03
1437,48,40568,consumer,Denmark,True,2022-07-04
1438,45,58358,consumer,Norway,False,2021-11-01
1439,50,43406,consumer,Finland,False,2021-12-08
1440,50,136031,business,Norway,True,2021-10-17
1441,52,249232,enterprise,Norway,False,2022-11-03
1442,71,86465,business,Finland,False,2021-04-17
1443,49,38334,consumer,Sweden,False,2021-09-28
1444,60,92555,business,Denmark,False,2022-08-23
1445,46,34838,consumer,Finland,True,2025-03-31
1446,31,61187,business,Norway,False,2026-06-29
1447,30,58961,consumer,Denmark,True,2021-07-16
1448,39,73060,consumer,Norway,False,2025-07-08
1449,79,55955,consumer,Sweden,True,2022-06-02
1449,36,57044,consumer,Sweden,False,2023-10-18
1451,71,68999,business,Finland,False,2026-04-04
1452,82,78068,consumer,Norway,False,2021-12-23
1453,57,62991,consumer,Sweden,True,2021-11-11
1454,48,123283,enterprise,Sweden,True,2024-03-16
1455,81,46401,business,Finland,True,2026-05-19
1456,81,38343,consumer,Finland,True,2023-02-18
1457,18,137090,business,Denmark,True,2021-06-23
1458,75,217236,enterprise,Norway,True,2021-11-04
1459,64,112329,business,Denmark,True,2025-09-28
1460,81,70927,consumer,Sweden,False,2023-10-21
1461,33,85324,consumer,Denmark,False,2023-05-23
1462,18,119559,business,Finland,True,2024-06-02
1463,83,49643,business,Finland,False,2021-08-24
1464,63,82339,consumer,Denmark,False,2024-12-20
1465,31,46400,consumer,Finland,False,2021-02-06
1466,30,47892,consumer,Sweden,True,2025-08-10
1467,33,81811,enterprise,Norway,False,2023-07-16
1468,78,61227,consumer,Denmark,False,2023-01-17
1469,52,79484,consumer,Finland,True,2022-07-27
1470,63,45761,business,Denmark,True,2022-03-30
1471,42,39521,consumer,Finland,False,2024-09-18
1472,22,48082,consumer,Finland,False,2022-05-02
1473,71,86955,consumer,Norway,False,2025-06-26
1474,82,142241,business,Finland,True,2022-03-26
1475,31,61531,business,Norway,False,2026-08-11
1476,19,75999,business,Sweden,False,2025-10-26
1477,19,59940,consumer,Denmark,False,2021-12-05
1478,72,41987,consumer,Norway,True,2024-02-26
1479,32,136875,business,Norway,False,2023-03-24
1480,78,151162,business,Sweden,True,2023-02-12
1481,37,39340,consumer,Finland,True,2024-01-27
1482,42,191752,enterprise,Sweden,True,2022-01-08
1483,24,62166,consumer,Norway,True,2024-10-08
1484,72,88828,consumer,Finland,True,2024-05-31
1485,32,58773,consumer,Denmark,False,2023-10-09
1486,58,68822,business,Sweden,True,2021-08-02
1487,59,83873,consumer,Denmark,True,2025-10-31
1488,41,86393,consumer,Denmark,False,2024-05-31
1489,32,23790,consumer,Norway,False,2025-01-16
1490,64,122189,business,Denmark,True,2024-02-05
1491,44,33433,consumer,Sweden,True,2022-05-08
1492,23,46960,consumer,Norway,False,2022-02-09
1493,27,242269,enterprise,Denmark,False,2026-04-27
1494,43,42142,consumer,Sweden,True,2023-02-25
1495,71,55099,consumer,Denmark,False,2026-01-11
1496,33,97749,enterprise,Finland,False,2026-08-26
1497,20,57933,consumer,Norway,False,2021-07-06
1498,25,135938,business,Norway,False,2026-07-21
1499,83,123389,enterprise,Finland,False,2025-05-18
1500,69,72122,business,Norway,True,2022-10-18
